{"cameraMode":{"drawMode":0,"name":"Shaded","section":"Shading Mode"},"sceneLighting":true,"audioPlay":false,"sceneViewState":{"m_AlwaysRefresh":false,"showFog":true,"showSkybox":true,"showFlares":true,"showImageEffects":true,"showParticleSystems":true,"showVisualEffectGraphs":true,"m_FxEnabled":true},"in2DMode":false,"pivot":{"x":23.698503494262697,"y":24.456676483154298,"z":2.559857130050659},"rotation":{"x":-0.11397965252399445,"y":0.8858003616333008,"z":-0.3072706460952759,"w":-0.3285759687423706},"size":2.7150251865386965,"orthographic":true}