{"cameraMode":{"drawMode":0,"name":"Shaded","section":"Shading Mode"},"sceneLighting":true,"audioPlay":false,"sceneViewState":{"m_AlwaysRefresh":false,"showFog":true,"showSkybox":true,"showFlares":true,"showImageEffects":true,"showParticleSystems":true,"showVisualEffectGraphs":true,"m_FxEnabled":true},"in2DMode":false,"pivot":{"x":2.0970354080200197,"y":-0.21155667304992677,"z":-30.283554077148439},"rotation":{"x":-0.2227374166250229,"y":0.7734419107437134,"z":-0.3736174702644348,"w":-0.4611065089702606},"size":1.6316994428634644,"orthographic":true}